uid,icefall_name,station_id,station_name,icefall_cap_potential,icefall_cap_class,icefall_cap_confidence,station_cap_potential,station_cap_class,station_cap_confidence,cap_delta,cap_delta_positive,cap_pair_confidence
1,Mannerschnitte,136,Umhausen,0.42509182997801254,medium,1,0.3220984420914476,low,1,0.10299338788656492,0.10299338788656492,1
2,Baselayer,136,Umhausen,0.34331703343698805,low,1,0.3220984420914476,low,1,0.02121859134554044,0.02121859134554044,1
3,Zapfenstreich,136,Umhausen,0.3623608859271938,low,1,0.3220984420914476,low,1,0.040262443835746176,0.040262443835746176,1
4,Zwei Welten,136,Umhausen,0.3623608859271938,low,1,0.3220984420914476,low,1,0.040262443835746176,0.040262443835746176,1
6,Kalte Dusche,136,Umhausen,0.3699247213648345,low,1,0.3220984420914476,low,1,0.047826279273386896,0.047826279273386896,1
7,Sibirien,136,Umhausen,0.3699247213648345,low,1,0.3220984420914476,low,1,0.047826279273386896,0.047826279273386896,1
8,Vorsaison,136,Umhausen,0.3699247213648345,low,1,0.3220984420914476,low,1,0.047826279273386896,0.047826279273386896,1
9,Golden Shower,136,Umhausen,0.3785194239369987,low,1,0.3220984420914476,low,1,0.05642098184555111,0.05642098184555111,1
10,Reichalm Fall,136,Umhausen,0.5414797813603058,medium,1,0.3220984420914476,low,1,0.21938133926885822,0.21938133926885822,1
11,Dripping Elegance,136,Umhausen,0.14077074463990938,low,1,0.3220984420914476,low,1,-0.18132769745153823,0,1
12,Nachtfalter,136,Umhausen,0.4850509919750582,medium,1,0.3220984420914476,low,1,0.16295254988361058,0.16295254988361058,1
13,Spongebob,136,Umhausen,0.36697171914771826,low,1,0.3220984420914476,low,1,0.044873277056270644,0.044873277056270644,1
14,Drytooling Klettergarten,136,Umhausen,0.6060872568274457,medium,1,0.3220984420914476,low,1,0.2839888147359981,0.2839888147359981,1
15,Triple Direkt,136,Umhausen,0.3737242147389523,low,1,0.3220984420914476,low,1,0.051625772647504675,0.051625772647504675,1
16,Guillotine,136,Umhausen,0.4300110864912241,medium,1,0.3220984420914476,low,1,0.10791264439977649,0.10791264439977649,1
17,Mixed Klettergarten Liftspur,LBRE2,Breiter Grieskogel Schneestation,0.3778071539426639,low,1,0.3429250748900159,low,1,0.03488207905264801,0.03488207905264801,1
18,Esso Mixed,LBRE2,Breiter Grieskogel Schneestation,0.46324766848677057,medium,1,0.3429250748900159,low,1,0.12032259359675468,0.12032259359675468,1
19,Badle,LBRE2,Breiter Grieskogel Schneestation,0.46324766848677057,medium,1,0.3429250748900159,low,1,0.12032259359675468,0.12032259359675468,1
20,Burgsteiner Mixed,LBRE2,Breiter Grieskogel Schneestation,0.31989437159785317,low,1,0.3429250748900159,low,1,-0.023030703292162724,0,1
21,Mixed Klettergebiet,LBRE2,Breiter Grieskogel Schneestation,0.3573267357329471,low,1,0.3429250748900159,low,1,0.014401660842931208,0.014401660842931208,1
22,Nordstau,LBRE2,Breiter Grieskogel Schneestation,0.3573267357329471,low,1,0.3429250748900159,low,1,0.014401660842931208,0.014401660842931208,1
23,Pokerface,LBRE2,Breiter Grieskogel Schneestation,0.3573267357329471,low,1,0.3429250748900159,low,1,0.014401660842931208,0.014401660842931208,1
24,New Life,LBRE2,Breiter Grieskogel Schneestation,0.3573267357329471,low,1,0.3429250748900159,low,1,0.014401660842931208,0.014401660842931208,1
25,Via Ali,LBRE2,Breiter Grieskogel Schneestation,0.31527428088229226,low,1,0.3429250748900159,low,1,-0.027650794007723634,0,1
26,Lucky Strike,SGIG2,Giggijoch,0.7520873595032134,high,1,0.3199745855344154,low,1,0.432112773968798,0.432112773968798,1
27,Fritz Phantom,SGIG2,Giggijoch,0.15887652395704174,low,1,0.3199745855344154,low,1,-0.16109806157737364,0,1
28,Waldesruh Ralley - Bichlfall,SGIG2,Giggijoch,0.8356417944896618,high,1,0.3199745855344154,low,1,0.5156672089552464,0.5156672089552464,1
29,Taufenbachfall (ohne Vorhang),SGIG2,Giggijoch,0.92537211234134,high,1,0.3199745855344154,low,1,0.6053975268069246,0.6053975268069246,1
30,Mhlgartenfall / Betonwerks?õule,SGIG2,Giggijoch,0.92537211234134,high,1,0.3199745855344154,low,1,0.6053975268069246,0.6053975268069246,1
31,Elfenbein,SGIG2,Giggijoch,0.92537211234134,high,1,0.3199745855344154,low,1,0.6053975268069246,0.6053975268069246,1
32,R?õtselburg,SBAR2,Bartiges Bödele,0.5658338544384723,medium,1,0.32567714165659745,low,1,0.2401567127818749,0.2401567127818749,1
33,Freizeitstress,SBAR2,Bartiges Bödele,0.5658338544384723,medium,1,0.32567714165659745,low,1,0.2401567127818749,0.2401567127818749,1
34,Namenlos,SBAR2,Bartiges Bödele,0.4183392845524111,medium,1,0.32567714165659745,low,1,0.09266214289581365,0.09266214289581365,1
35,Hohe Brcke,SVVO1,Marchkofel,0.7662875948939493,high,1,0.2667431020048662,low,1,0.4995444928890831,0.4995444928890831,1
36,Testgolla,136,Umhausen,0.6060872568274457,medium,1,0.3220984420914476,low,1,0.2839888147359981,0.2839888147359981,1
37,Klettergarten Oberried - Eispark,136,Umhausen,0.6315248996163746,medium,1,0.3220984420914476,low,1,0.309426457524927,0.309426457524927,1
38,Zwieselsteinf?õlle,SBAR2,Bartiges Bödele,0.4958681367332079,medium,1,0.32567714165659745,low,1,0.17019099507661045,0.17019099507661045,1
39,Khlenkar Wasserfall,LBRE2,Breiter Grieskogel Schneestation,0.5462785240951021,medium,1,0.3429250748900159,low,1,0.20335344920508625,0.20335344920508625,1
40,Bachfalle,LBRE2,Breiter Grieskogel Schneestation,0.6612640927203413,medium,1,0.3429250748900159,low,1,0.31833901783032537,0.31833901783032537,1
41,Wtenbach/Kaisers,SBAR2,Bartiges Bödele,0.5954719277974259,medium,1,0.32567714165659745,low,1,0.2697947861408284,0.2697947861408284,1
42,Sevlstauda,136,Umhausen,0.4850509919750582,medium,1,0.3220984420914476,low,1,0.16295254988361058,0.16295254988361058,1
43,Mammut Lex,SGIG2,Giggijoch,0.92537211234134,high,1,0.3199745855344154,low,1,0.6053975268069246,0.6053975268069246,1
44,Gegenwind,SBAR2,Bartiges Bödele,0.5658338544384723,medium,1,0.32567714165659745,low,1,0.2401567127818749,0.2401567127818749,1
45,Herbstgold,SBAR2,Bartiges Bödele,0.5833901630253335,medium,1,0.32567714165659745,low,1,0.2577130213687361,0.2577130213687361,1
46,Forsttechnik,SGIG2,Giggijoch,0.7418796909848915,high,1,0.3199745855344154,low,1,0.4219051054504761,0.4219051054504761,1
47,Milchschnitte,136,Umhausen,0.42509182997801254,medium,1,0.3220984420914476,low,1,0.10299338788656492,0.10299338788656492,1
48,Venter Eisfall,SVVO2,Vorderegg,0.6970003509309967,medium,1,0.47151975335319096,medium,1,0.2254805975778057,0.2254805975778057,1
49,24 hours of freedom - Sagwand,TTUX2,Tuxerjoch Schneestation,0.6277712076871625,medium,1,0.21051347272786552,low,1,0.417257734959297,0.417257734959297,1
50,3. Zwerg,NSCH1,Schöckbichl,0.827174666523134,high,1,0.3127507419251048,low,1,0.5144239245980291,0.5144239245980291,1
51,7. Zwerg - Grawa Eisgarten,NSCH1,Schöckbichl,0.846222290347776,high,1,0.3127507419251048,low,1,0.5334715484226711,0.5334715484226711,1
52,Adieu Konni - Geierkopf-Nordwand,76,Reutte,0.18150964200751335,low,1,0.3245727358529332,low,1,-0.14306309384541988,0,1
53,Amore Fragile,121,Nauders,0.44499183486044225,medium,1,0.443316992407004,medium,1,0.0016748424534382411,0.0016748424534382411,1
54,Amphitrite,16,Brenner,0.3351343961261178,low,1,0.44733074568239833,medium,1,-0.11219634955628055,0,1
55,Aria 51 - Laserz Nordwand,55,Lienz,0.4096888266477115,medium,1,0.31251825364267544,low,1,0.09717057300503606,0.09717057300503606,1
56,Art of Freedom - Serles,FSEE2,Schlicker Alm,0.25344007090000564,low,1,0.5134658897373293,medium,1,-0.2600258188373237,0,1
57,Asylzapfen in St. Gertraudi,42,Jenbach,0.12974286276330305,low,1,0.5089319675524356,medium,1,-0.3791891047891326,0,1
58,Auf alten Spuren,TTUX2,Tuxerjoch Schneestation,0.4778985373217798,medium,1,0.21051347272786552,low,1,0.26738506459391426,0.26738506459391426,1
59,Aufnahmeprfung - Tauerntal,MIOH2,Hochgasser Schneestation,0.6711068166163808,medium,1,0.10160949244334312,low,1,0.5694973241730377,0.5694973241730377,1
61,Badlands - Sagwandspitze,TTUX2,Tuxerjoch Schneestation,0.31668493886993093,low,1,0.21051347272786552,low,1,0.10617146614206541,0.10617146614206541,1
62,Ballerina Rinne,178,Hochfilzen,0.21079430490716103,low,1,0.22873435418050747,low,1,-0.017940049273346442,0,1
63,Bananenecke - Groáglockner,KADL1,Kals Adlersruhe (Erzherzog-Johann-Hütte),0.2769634736527569,low,1,0.2113530121375287,low,1,0.06561046151522823,0.06561046151522823,1
64,Bayerisch Schottische Wintergames - Westlicher Geierkopf,76,Reutte,0.10306097562209442,low,1,0.3245727358529332,low,1,-0.2215117602308388,0,1
65,Beilfall Beilf„lle - Fernautal,NSGE2,Eissee,0.5907051254454468,medium,1,0.38794683541594355,low,1,0.2027582900295033,0.2027582900295033,1
66,Berufsschule - Treffauer,KTRI1,Tristecken Griesneralm Windstation,0.17914065085135938,low,1,0,low,1,0.17914065085135938,0.17914065085135938,1
67,Bese Hexe - Grawa Eisgarten,NSCH1,Schöckbichl,0.8444859971112019,high,1,0.3127507419251048,low,1,0.531735255186097,0.531735255186097,1
68,Besinnungsweg,NELF1,Elferspitze Windstation,0.7491157478513581,high,1,0.08541378597732165,low,1,0.6637019618740365,0.6637019618740365,1
69,Bichelerstal Eisfall,NELF2,Elferspitze Schneestation,0.47478051426657486,medium,1,0.3073593624773405,low,1,0.16742115178923433,0.16742115178923433,1
70,Bierfahrerbeifahrer - Kuhkopf,ISEE1,Hafelekar,0.5566043446483193,medium,1,0.00405952363714845,low,1,0.5525448210111709,0.5525448210111709,1
71,Big Brother is watching you - Freiwandspitze,KADL1,Kals Adlersruhe (Erzherzog-Johann-Hütte),0.5416743174241138,medium,1,0.2113530121375287,low,1,0.3303213052865851,0.3303213052865851,1
72,Black Denim - Ochsengarten,126,Haiming,0.3661575655500331,low,1,0.5521522963845499,medium,1,-0.18599473083451679,0,1
73,Boandlkramer,176,Hahnenkamm-Ehrenbachhöhe,0.13194384700427203,low,1,0.05,low,1,0.08194384700427203,0.08194384700427203,1
74,Bruad Henn,214,Söll,0.2066936966323685,low,1,0.2187015886850836,low,1,-0.012007892052715102,0,1
75,CapiTalismuskritik - Burgschrofen Kraspestal,KZWO1,Zwölferkogel,0.5857055118526341,medium,1,0.04743239823117686,low,1,0.5382731136214572,0.5382731136214572,1
76,Catwalk - Hohe Warte,TTUX2,Tuxerjoch Schneestation,0.46394068754334306,medium,1,0.21051347272786552,low,1,0.25342721481547753,0.25342721481547753,1
77,Clean isch tot,HHAH1,Hahnenkamm Windstation,0.04562261155015118,low,1,0.04440592925024922,low,1,0.001216682299901961,0.001216682299901961,1
78,Daily Dose of Luck - Pinnistal,NELF1,Elferspitze Windstation,0.302987034059875,low,1,0.08541378597732165,low,1,0.21757324808255335,0.21757324808255335,1
79,Das 3. Leben - Groáglockner,KADL1,Kals Adlersruhe (Erzherzog-Johann-Hütte),0.22421624486606195,low,1,0.2113530121375287,low,1,0.012863232728533264,0.012863232728533264,1
80,Das fnfte Element,ISEE1,Hafelekar,0.47181446737166,medium,1,0.00405952363714845,low,1,0.46775494373451154,0.46775494373451154,1
81,Das letzte Einhorn,SLBU2,Burgbach Mauchele,0.4595505444001628,medium,1,0.2016707430695865,low,1,0.2578798013305763,0.2578798013305763,1
82,Der Grawa-Gully (Botanikerkamin),NSCH1,Schöckbichl,0.8345712718389673,high,1,0.3127507419251048,low,1,0.5218205299138625,0.5218205299138625,1
84,Der weiáe Hai - Innergschl”á,MIOH2,Hochgasser Schneestation,0.6714444571666371,medium,1,0.10160949244334312,low,1,0.569834964723294,0.569834964723294,1
85,Die Kohlebagger von Ltzerath - Maningkogel,KZWO1,Zwölferkogel,0.08766832525591298,low,1,0.04743239823117686,low,1,0.040235927024736114,0.040235927024736114,1
86,Die Linken Zwerge,NSCH1,Schöckbichl,0.6960517806414276,medium,1,0.3127507419251048,low,1,0.38330103871632276,0.38330103871632276,1
87,Die Uralte,ABRA2,Alpbach Wiedersberger Horn,0.4297077373272117,medium,1,0.0508373643849221,low,1,0.3788703729422896,0.3788703729422896,1
88,D”rnr”schen - Kraspestal,KZWO1,Zwölferkogel,0.5695949049487465,medium,1,0.04743239823117686,low,1,0.5221625067175697,0.5221625067175697,1
89,Domenicus,NFRA2,Franz-Senn-Hütte Kl Horntal,0.6411196090068697,medium,1,0.34694184451142984,low,1,0.29417776449543986,0.29417776449543986,1
90,Dopey - Grawa Eisgarten,NSCH1,Schöckbichl,0.8606807855484427,high,1,0.3127507419251048,low,1,0.5479300436233379,0.5479300436233379,1
91,Drachenfels Mixedwand Bergisel,39,Innsbruck Universität,0.1233622965977796,low,1,0.30831993336016483,low,1,-0.18495763676238525,0,1
92,Drecksau - Defreggental,SVZI2,St Veit Zischke,0.4787864549094604,medium,1,0.25356484370581983,low,1,0.2252216112036406,0.2252216112036406,1
93,Easy Afternoon - Lsens,NFRA2,Franz-Senn-Hütte Kl Horntal,0.627565038331858,medium,1,0.34694184451142984,low,1,0.2806231938204281,0.2806231938204281,1
94,Easy Day,NFRA2,Franz-Senn-Hütte Kl Horntal,0.6391317188465246,medium,1,0.34694184451142984,low,1,0.2921898743350948,0.2921898743350948,1
95,Eibergfall,142,Kufstein,0.10218173666804396,low,1,0.36638281671301304,low,1,-0.26420108004496906,0,1
96,Eintagsfliege,SLBU2,Burgbach Mauchele,0.3965241794883733,low,1,0.2016707430695865,low,1,0.19485343641878683,0.19485343641878683,1
97,Eisarena Brunnalm,185,St.Jakob im Defereggental,0.4418840124729167,medium,1,0.5858375312050064,medium,1,-0.14395351873208967,0,1
98,Eisarena Umbaltal - Sektor Flying Dutchman,PESE1,Kreuzspitze,0.7481828174674857,high,1,0.08306448885866462,low,1,0.6651183286088211,0.6651183286088211,1
99,Eisarena Umbaltal - Sektor Rockmaster,PESE1,Kreuzspitze,0.7481828174674857,high,1,0.08306448885866462,low,1,0.6651183286088211,0.6651183286088211,1
100,Eisarena Umbaltal - Sektor Umbaltaler,PESE1,Kreuzspitze,0.7481828174674857,high,1,0.08306448885866462,low,1,0.6651183286088211,0.6651183286088211,1
102,Eiswelt Taschachschlucht Pitztal,SLRI2,Rifflsee Talstation Grubenkopf,0.7553204058205293,high,1,0.35846813994349314,low,1,0.39685226587703615,0.39685226587703615,1
103,Eremit - Amphitheater Pinnisalm,GGAL2,Gallreideschrofen,0.6273040057524037,medium,1,0.23872441742752715,low,1,0.3885795883248766,0.3885795883248766,1
104,Ethik-G„rtner - Lsens,NFRA2,Franz-Senn-Hütte Kl Horntal,0.5974573482771203,medium,1,0.34694184451142984,low,1,0.25051550376569043,0.25051550376569043,1
105,Fear Control - Schwarze Wand,GGAL2,Gallreideschrofen,0.6268916058583297,medium,1,0.23872441742752715,low,1,0.38816718843080256,0.38816718843080256,1
106,Fear of the dark - Zw”lferkogel Nordwand,KZWO1,Zwölferkogel,0.22188031566537625,low,1,0.04743239823117686,low,1,0.17444791743419938,0.17444791743419938,1
108,Firndreieck - Groáer M”seler,TTUX1,Tuxerjoch Windstation,0.0962402847444393,low,1,0.18848899915425477,low,1,-0.09224871440981547,0,1
109,First Base,61,Mayrhofen,0.6568325666750732,medium,1,0.6774484147775672,medium,1,-0.02061584810249406,0,1
110,Fluchtkogel Nordwestwand,KWEL2,Weisssee LWD,0.19397197278963824,low,1,0.49174836164009705,medium,1,-0.2977763888504588,0,1
111,Friends of moss - Zw”lferkogel Nordwand,KZWO1,Zwölferkogel,0.08522098957910415,low,1,0.04743239823117686,low,1,0.03778859134792729,0.03778859134792729,1
112,Frosnitzfall,MIOG2,Goldried Kessel,0.6838529327437856,medium,1,0.21161592379382912,low,1,0.47223700894995646,0.47223700894995646,1
113,Frostk”nig - Kraspestal Burgschrofen,KZWO1,Zwölferkogel,0.5720334749356579,medium,1,0.04743239823117686,low,1,0.5246010767044811,0.5246010767044811,1
114,Gaia - Seebenw„nde,20,Ehrwald,0.46768250979505493,medium,1,0.31355755184975403,low,1,0.1541249579453009,0.1541249579453009,1
115,Gaisalmfall - Achensee,151,Achenkirch,0.4502434696003008,medium,1,0.5391155739372314,medium,1,-0.0888721043369306,0,1
116,Gamsleichfall,KUET1,Kühtai Hochalter,0.474554229354528,medium,1,0,low,1,0.474554229354528,0.474554229354528,1
117,Ganot Nordwandrinne,43,Kals,0.35109643770689686,low,1,0.5325415387081653,medium,1,-0.18144510100126848,0,1
118,Gelber Fluss - Kaunertal,KAUN1,Roter Schrofen,0.6658316778722788,medium,1,0.04719850587546741,low,1,0.6186331719968114,0.6186331719968114,1
119,Gernkopf Eisf„lle,KGRI2,Griesneralm LWD,0.2079442646407781,low,1,0.5838611187399407,medium,1,-0.37591685409916265,0,1
120,Gorillas im Nebel - Patsch Sd,185,St.Jakob im Defereggental,0.32458493690403767,low,1,0.5858375312050064,medium,1,-0.2612525943009687,0,1
121,Grawa Eisfall Stubaital,NSCH1,Schöckbichl,0.8379314965327733,high,1,0.3127507419251048,low,1,0.5251807546076686,0.5251807546076686,1
124,Groáglockner Sdostgrat,KADL1,Kals Adlersruhe (Erzherzog-Johann-Hütte),0.25781833853080427,low,1,0.2113530121375287,low,1,0.04646532639327558,0.04646532639327558,1
125,Groávenediger SW - Wand,PESE1,Kreuzspitze,0.2192426614924507,low,1,0.08306448885866462,low,1,0.13617817263378607,0.13617817263378607,1
126,Grnkar Eisfall,61,Mayrhofen,0.6963996009102585,medium,1,0.6774484147775672,medium,1,0.01895118613269131,0.01895118613269131,1
127,Gruá in den Himmel - Schwarze Wand Nordostwand,PESE1,Kreuzspitze,0.32938159526491284,low,1,0.08306448885866462,low,1,0.2463171064062482,0.2463171064062482,1
128,Gully - Lsens,NFRA2,Franz-Senn-Hütte Kl Horntal,0.6203925674349968,medium,1,0.34694184451142984,low,1,0.273450722923567,0.273450722923567,1
129,Gully,NELF1,Elferspitze Windstation,0.7491038470149132,high,1,0.08541378597732165,low,1,0.6636900610375915,0.6636900610375915,1
131,H„ngende G„rten - Lsens,NFRA2,Franz-Senn-Hütte Kl Horntal,0.5974573482771203,medium,1,0.34694184451142984,low,1,0.25051550376569043,0.25051550376569043,1
132,Hallensteinfall,139,Steinach am Brenner,0.5652976185280031,medium,1,0.5784268510667092,medium,1,-0.013129232538706126,0,1
133,Harvest & Phreak,SLBU2,Burgbach Mauchele,0.61521666262540875,medium,1,0.2016707430695865,low,1,0.41354591955582226,0.41354591955582226,1
134,Hauserrinne,178,Hochfilzen,0.1788993088083493,low,1,0.22873435418050747,low,1,-0.04983504537215816,0,1
136,Himmelsleiter,TTUX1,Tuxerjoch Windstation,0.01304013857418092,low,1,0.18848899915425477,low,1,-0.17544886058007383,0,1
141,Hohe Kirche Nordverschneidung,TTUX2,Tuxerjoch Schneestation,0.3246771056861073,low,1,0.21051347272786552,low,1,0.11416363295824178,0.11416363295824178,1
142,Hoher First Nordwestflanke,SFES1,Festkogel,0.47508480721028257,medium,1,0.11607660341515671,low,1,0.3590082037951259,0.3590082037951259,1
143,Homozack,MIOH2,Hochgasser Schneestation,0.6711068166163808,medium,1,0.10160949244334312,low,1,0.5694973241730377,0.5694973241730377,1
144,Hookuspokus - Kraspestal,KZWO1,Zwölferkogel,0.5695949049487465,medium,1,0.04743239823117686,low,1,0.5221625067175697,0.5221625067175697,1
145,Ice patrol - Stinkerf„lle,20,Ehrwald,0.26695986307864444,low,1,0.31355755184975403,low,1,-0.04659768877110959,0,1
146,Iceman - Pinnistal,GGAL2,Gallreideschrofen,0.6203926144413151,medium,1,0.23872441742752715,low,1,0.38166819701378796,0.38166819701378796,1
147,Innenbanane - Groáglockner,KADL1,Kals Adlersruhe (Erzherzog-Johann-Hütte),0.2769634736527569,low,1,0.2113530121375287,low,1,0.06561046151522823,0.06561046151522823,1
148,Institutionalized 2023 - Axamer Lizum,AXLIZ1,Speicherteich Axamer Lizum,0.3502834585031552,low,1,0.1781875676771795,low,1,0.17209589082597568,0.17209589082597568,1
150,King Kong,SDAW2,Dawinalpe,0.4642545647119941,medium,1,0.32937767499008974,low,1,0.13487688972190437,0.13487688972190437,1
151,Kitzm”rderfall,SLBU2,Burgbach Mauchele,0.4089780250355553,medium,1,0.2016707430695865,low,1,0.20730728196596881,0.20730728196596881,1
152,Klettergarten Gully - Oberried,136,Umhausen,0.4629966203335196,medium,1,0.3220984420914476,low,1,0.14089817824207201,0.14089817824207201,1
153,Salto Kamin- Laserz Nordwand,55,Lienz,0.4096888266477115,medium,1,0.31251825364267544,low,1,0.09717057300503606,0.09717057300503606,1
154,Kraftwerksfall,NFRA2,Franz-Senn-Hütte Kl Horntal,0.6484958894862911,medium,1,0.34694184451142984,low,1,0.30155404497486127,0.30155404497486127,1
155,Kronleuchter,SDAW2,Dawinalpe,0.4642545647119941,medium,1,0.32937767499008974,low,1,0.13487688972190437,0.13487688972190437,1
156,Khtaibacherl - Eisfall,126,Haiming,0.42647166361586497,medium,1,0.5521522963845499,medium,1,-0.1256806327686849,0,1
157,L„mperJack - Laserz Nordwand L„mperschoá,55,Lienz,0.4096888266477115,medium,1,0.31251825364267544,low,1,0.09717057300503606,0.09717057300503606,1
158,Last Exit 4146 - Muttenkopf,GGAL2,Gallreideschrofen,0.20291641804692723,low,1,0.23872441742752715,low,1,-0.03580799938059992,0,1
159,Lasur d`amour - Pinnistal,GGAL2,Gallreideschrofen,0.6462921937762831,medium,1,0.23872441742752715,low,1,0.40756777634875596,0.40756777634875596,1
160,Lavantner Kolmfall,55,Lienz,0.2386762824781331,low,1,0.31251825364267544,low,1,-0.07384197116454233,0,1
161,Lawinenexpress - Pitztal,210,St.Leonhard im Pitztal,0.6628158205242136,medium,1,0.9305559140446428,high,1,-0.26774009352042916,0,1
162,Limited in Freedom - Sagwand,TTUX2,Tuxerjoch Schneestation,0.5953156375020089,medium,1,0.21051347272786552,low,1,0.38480216477414336,0.38480216477414336,1
163,Linker K”pflalmfall,61,Mayrhofen,0.7481831547134631,high,1,0.6774484147775672,medium,1,0.07073473993589585,0.07073473993589585,1
164,Linker Kraftwerksfall,NFRA2,Franz-Senn-Hütte Kl Horntal,0.5645025865702346,medium,1,0.34694184451142984,low,1,0.2175607420588047,0.2175607420588047,1
165,Linker Westwandfall - Kleiner Magner,47,Krimml,0.48468479446931256,medium,1,0.3386130434666308,low,0.95,0.14607175100268177,0.14607175100268177,0.95
166,Linker Zwingenfall,NFRA2,Franz-Senn-Hütte Kl Horntal,0.669642007309411,medium,1,0.34694184451142984,low,1,0.3227001627979812,0.3227001627979812,1
167,Little Joys For Bigger Happiness,TTUX1,Tuxerjoch Windstation,0.09134036308616456,low,1,0.18848899915425477,low,1,-0.09714863606809021,0,1
168,Lost in Pollywood - Ralfkopf,43,Kals,0.4466627288665429,medium,1,0.5325415387081653,medium,1,-0.08587880984162244,0,1
169,Lsener Fernerkogel Nordwand,NFRA1,Franz-Senn-Hütte Horntaler Spitzl,0.2557849382206765,low,1,0.10701781501507136,low,1,0.14876712320560515,0.14876712320560515,1
170,Luibisbodenfall - Eisprinzessinen Pitztal,210,St.Leonhard im Pitztal,0.7643516417948094,high,1,0.9305559140446428,high,1,-0.16620427224983336,0,1
171,Mac Mapi - Krinnenspitze,TODO2,Krinnenspitze,0.00475201995047067,low,1,0.04624929271103193,low,1,-0.04149727276056126,0,1
172,M„nner im Rcken,NELF1,Elferspitze Windstation,0.7491157478513581,high,1,0.08541378597732165,low,1,0.6637019618740365,0.6637019618740365,1
173,M„nner mit Moral - Pinnisalm,NELF1,Elferspitze Windstation,0.5958088780794831,medium,1,0.08541378597732165,low,1,0.5103950921021615,0.5103950921021615,1
174,Marchlehnfall,SLRI2,Rifflsee Talstation Grubenkopf,0.5562777922621688,medium,1,0.35846813994349314,low,1,0.19780965231867564,0.19780965231867564,1
175,Mariafall - Achensee,151,Achenkirch,0.3468895588103263,low,1,0.5391155739372314,medium,1,-0.19222601512690513,0,1
176,Mc Drive Eisfall,42,Jenbach,0.2424092314476584,low,1,0.5089319675524356,medium,1,-0.2665227361047772,0,1
177,Mitterndorfer Eisfall Kufstein,142,Kufstein,0.3413364855041179,low,1,0.36638281671301304,low,1,-0.025046331208895156,0,1
178,Moonwalk - Hohe Warte,TTUX2,Tuxerjoch Schneestation,0.660488836258176,medium,1,0.21051347272786552,low,1,0.4499753635303105,0.4499753635303105,1
179,Multiple joys,SLBU2,Burgbach Mauchele,0.4595505444001628,medium,1,0.2016707430695865,low,1,0.2578798013305763,0.2578798013305763,1
181,Nameless - Neurur,210,St.Leonhard im Pitztal,0.6419451789673146,medium,1,0.9305559140446428,high,1,-0.28861073507732815,0,1
182,Irzweg - Irzw„nde,KUET1,Kühtai Hochalter,0.0519014232648068,low,1,0,low,1,0.0519014232648068,0.0519014232648068,1
183,Notwegfall,184,Pitztaler Gletscher,0.667505121012207,medium,1,0.2679891764782421,low,1,0.39951594453396494,0.39951594453396494,1
184,Oberer Grawa Eisfall Stubaital,NSCH1,Schöckbichl,0.7265302098611403,high,1,0.3127507419251048,low,1,0.41377946793603543,0.41377946793603543,1
185,Obstanser Wasserfall - Obstanser Eisfall,130,Sillian,0.5927006365383363,medium,1,0.5763091760048636,medium,1,0.016391460533472624,0.016391460533472624,1
186,Eispark Osttirol,MIOH2,Hochgasser Schneestation,0.8321597487919237,high,1,0.10160949244334312,low,1,0.7305502563485805,0.7305502563485805,1
187,Ostwand Couloir - Lsener Fernerkogel,NFRA2,Franz-Senn-Hütte Kl Horntal,0.6173098792112193,medium,1,0.34694184451142984,low,1,0.27036803469978943,0.27036803469978943,1
188,Paracelsus,NFRA2,Franz-Senn-Hütte Kl Horntal,0.6391317188465246,medium,1,0.34694184451142984,low,1,0.2921898743350948,0.2921898743350948,1
189,Pechtl Arena & Zapfen,KGRI2,Griesneralm LWD,0.2902074587041414,low,1,0.5838611187399407,medium,1,-0.29365366003579935,0,1
190,Pechtl Gully - Erpfendorf,KGRI2,Griesneralm LWD,0.33810008441897776,low,1,0.5838611187399407,medium,1,-0.24576103432096297,0,1
191,Pendling Eisfall,142,Kufstein,0.05884544120455851,low,1,0.36638281671301304,low,1,-0.3075373755084545,0,1
192,Petit Hiking - Groáglockner,KADL1,Kals Adlersruhe (Erzherzog-Johann-Hütte),0.2806738470700576,low,1,0.2113530121375287,low,1,0.06932083493252891,0.06932083493252891,1
193,Pick`n Weed - Maningkogl Nordwand,KZWO1,Zwölferkogel,0.07455069205166791,low,1,0.04743239823117686,low,1,0.027118293820491045,0.027118293820491045,1
194,Pinzgeralm Eisfall,KGRI2,Griesneralm LWD,0.5570367963963875,medium,1,0.5838611187399407,medium,1,-0.026824322343553253,0,1
195,Pitztaler Eisexpress,184,Pitztaler Gletscher,0.01070572996248724,low,1,0.2679891764782421,low,1,-0.25728344651575485,0,1
196,Gallyer - Pitztaler Eisrinne,SLRI2,Rifflsee Talstation Grubenkopf,0.494712845819249,medium,1,0.35846813994349314,low,1,0.13624470587575588,0.13624470587575588,1
197,"Plan B, Zw”lferkogel Nordwand",KZWO1,Zwölferkogel,0.10273885770120736,low,1,0.04743239823117686,low,1,0.055306459470030496,0.055306459470030496,1
198,Plattkogel Eisfall,KZWO1,Zwölferkogel,0.3765050462816143,low,1,0.04743239823117686,low,1,0.32907264805043746,0.32907264805043746,1
199,Point 2598 Diagonale,KZWO1,Zwölferkogel,0.4080252255833001,medium,1,0.04743239823117686,low,1,0.3605928273521233,0.3605928273521233,1
200,Rabenwand Eisfall,TTUX2,Tuxerjoch Schneestation,0.5110070043739146,medium,1,0.21051347272786552,low,1,0.30049353164604903,0.30049353164604903,1
202,Rechte Nordwestwand - Schrammacher,16,Brenner,0.8036306673615916,high,1,0.44733074568239833,medium,1,0.3562999216791933,0.3562999216791933,1
203,Rechter Flittneralm Eisfall,TTUX2,Tuxerjoch Schneestation,0.7593809881754867,high,1,0.21051347272786552,low,1,0.5488675154476212,0.5488675154476212,1
204,Rechter und linker Rauchenbichlfall,SLBU2,Burgbach Mauchele,0.3965241794883733,low,1,0.2016707430695865,low,1,0.19485343641878683,0.19485343641878683,1
205,Rechter Westwandfall - Kleiner Magner,47,Krimml,0.453722139914454,medium,1,0.3386130434666308,low,0.95,0.11510909644782319,0.11510909644782319,0.95
206,Reislehn Eisfall,SLRI2,Rifflsee Talstation Grubenkopf,0.454488902399157,medium,1,0.35846813994349314,low,1,0.09602076245566388,0.09602076245566388,1
207,Rocket Rustical - Teischnitztal,KADL1,Kals Adlersruhe (Erzherzog-Johann-Hütte),0.2563371416422744,low,1,0.2113530121375287,low,1,0.0449841295047457,0.0449841295047457,1
209,Rofelewand Nordwand - Nordwandballett,SLSE1,Seirlöcher Kogel,0.18865758516766715,low,1,0.2438324429380449,low,1,-0.055174857770377755,0,1
210,Rolle Eisfall - Zillertal,61,Mayrhofen,0.673556391658475,medium,1,0.6774484147775672,medium,1,-0.0038920231190922028,0,1
212,Rumpelstilzchen - Burgschrofen Kraspestal,KZWO1,Zwölferkogel,0.581210528590439,medium,1,0.04743239823117686,low,1,0.5337781303592621,0.5337781303592621,1
213,Russisches Roulette - Kristallwand Nordostwand,PESE1,Kreuzspitze,0.4864724029315875,medium,1,0.08306448885866462,low,1,0.40340791407292287,0.40340791407292287,1
214,S„gebach Eisf„lle,130,Sillian,0.45026006067809904,medium,1,0.5763091760048636,medium,1,-0.1260491153267646,0,1
215,Sagf„lle,127,Rinn,0.5664268392444438,medium,1,0.2463487768455772,low,1,0.3200780623988666,0.3200780623988666,1
216,Sagwandspitze - Mittelpfeiler-Couloir,TTUX2,Tuxerjoch Schneestation,0.6809177911349247,medium,1,0.21051347272786552,low,1,0.47040431840705915,0.47040431840705915,1
217,Sagzahnverschneidung - Sagwand,TTUX2,Tuxerjoch Schneestation,0.5673026410187157,medium,1,0.21051347272786552,low,1,0.3567891682908502,0.3567891682908502,1
218,Schall und Rauch - Kraspestal,KZWO1,Zwölferkogel,0.581210528590439,medium,1,0.04743239823117686,low,1,0.5337781303592621,0.5337781303592621,1
219,Schattseitfall,61,Mayrhofen,0.5564742773987127,medium,1,0.6774484147775672,medium,1,-0.12097413737885454,0,1
220,Scheisskluppenfall,SSLA2,Lampsenspitze Schneestation,0.4151336270867408,medium,1,0.3235009030221473,low,1,0.0916327240645935,0.0916327240645935,1
221,Schildalm Eisfall,MIOH2,Hochgasser Schneestation,0.7823242934895799,high,1,0.10160949244334312,low,1,0.6807148010462367,0.6807148010462367,1
222,Schitter Eisfall - Neustift Stubaital,NELF2,Elferspitze Schneestation,0.37191974239824266,low,1,0.3073593624773405,low,1,0.06456037992090213,0.06456037992090213,1
223,Schleicherlaufen,NFRA2,Franz-Senn-Hütte Kl Horntal,0.6261166589044942,medium,1,0.34694184451142984,low,1,0.27917481439306435,0.27917481439306435,1
224,Schneelehnfall,SLRI2,Rifflsee Talstation Grubenkopf,0.6604208894802592,medium,1,0.35846813994349314,low,1,0.3019527495367661,0.3019527495367661,1
225,Schneewittchen,NSCH1,Schöckbichl,0.8243179020788493,high,1,0.3127507419251048,low,1,0.5115671601537444,0.5115671601537444,1
227,Schrammacher Diagonale,TTUX2,Tuxerjoch Schneestation,0.6288026965182125,medium,1,0.21051347272786552,low,1,0.418289223790347,0.418289223790347,1
228,Schrammacher Nordwand Direttissima,TTUX1,Tuxerjoch Windstation,0.1494794204583082,low,1,0.18848899915425477,low,1,-0.03900957869594657,0,1
229,Schrankogel Nordost-Flanke,NNOW1,Nockwand Wind,0.00121255195686504,low,1,0.05434723263670496,low,1,-0.053134680679839924,0,1
230,Schwarze Wand Nordostwand Eisschlucht,PESE1,Kreuzspitze,0.36368173935173287,low,1,0.08306448885866462,low,1,0.28061725049306824,0.28061725049306824,1
231,Schwarze Witwe,TTUX2,Tuxerjoch Schneestation,0.4796171706849591,medium,1,0.21051347272786552,low,1,0.2691036979570936,0.2691036979570936,1
232,Schwerer als ein lockerer Arch - Beilfall Groáen Tr”gler,NSGE2,Eissee,0.5059674644549956,medium,1,0.38794683541594355,low,1,0.11802062903905208,0.11802062903905208,1
233,Seebenseefall,20,Ehrwald,0.45590187877562593,medium,1,0.31355755184975403,low,1,0.1423443269258719,0.1423443269258719,1
234,Seirl”cherkogel Eisfall - Pitztal,210,St.Leonhard im Pitztal,0.7315242358487374,high,1,0.9305559140446428,high,1,-0.1990316781959054,0,1
235,Seirl”cherkogelfall,210,St.Leonhard im Pitztal,0.5743504501670922,medium,1,0.9305559140446428,high,1,-0.3562054638775506,0,1
236,Serfauserfeld Eisfall,138,Prutz,0.3017773218564735,low,1,0.6423735820881592,medium,1,-0.3405962602316857,0,1
237,Shameless - Neurur,210,St.Leonhard im Pitztal,0.6419451789673146,medium,1,0.9305559140446428,high,1,-0.28861073507732815,0,1
239,Sintflut - Niederer Prijakt Nordwand,MIOG1,Bunköpfl,0.1955682988059889,low,1,0.05523628876847222,low,1,0.14033201003751666,0.14033201003751666,1
240,Sonnenk”nig - Patsch Sd,185,St.Jakob im Defereggental,0.29281917959640297,low,1,0.5858375312050064,medium,1,-0.2930183516086034,0,1
241,Spannagel Gully,TTUX1,Tuxerjoch Windstation,0.358513286886899,low,1,0.18848899915425477,low,1,0.17002428773264422,0.17002428773264422,1
242,Spinnenbein,KAUN1,Roter Schrofen,0.5557185552714906,medium,1,0.04719850587546741,low,1,0.5085200493960232,0.5085200493960232,1
243,Stalingrad - Grubenkarspitze,ISEE1,Hafelekar,0.5178331964724481,medium,1,0.00405952363714845,low,1,0.5137736728352996,0.5137736728352996,1
244,Stalingrad - Haidachstellwand NO-Wand,EERF2,Erfurter Hütte,0.26755030378693156,low,1,0.13799538326623498,low,1,0.1295549205206966,0.1295549205206966,1
245,Steinwandfall,MIOH2,Hochgasser Schneestation,0.6673002947498763,medium,1,0.10160949244334312,low,1,0.5656908023065331,0.5656908023065331,1
246,Stirb langsam - Seebenw„nde,20,Ehrwald,0.46768250979505493,medium,1,0.31355755184975403,low,1,0.1541249579453009,0.1541249579453009,1
247,Strublb„da - Kraspestal,KZWO1,Zwölferkogel,0.5695949049487465,medium,1,0.04743239823117686,low,1,0.5221625067175697,0.5221625067175697,1
248,Bachfalle,210,St.Leonhard im Pitztal,0.6333918156794807,medium,1,0.9305559140446428,high,1,-0.2971640983651621,0,1
250,Sulzenauer Eisfall,NSCH1,Schöckbichl,0.7221826006989157,high,1,0.3127507419251048,low,1,0.4094318587738109,0.4094318587738109,1
251,Sunblocker 2,16,Brenner,0.7290838889078276,high,1,0.44733074568239833,medium,1,0.28175314322542927,0.28175314322542927,1
252,Sunblocker,16,Brenner,0.7063148469805174,high,1,0.44733074568239833,medium,1,0.25898410129811905,0.25898410129811905,1
253,Sunday Explorer,SLRI2,Rifflsee Talstation Grubenkopf,0.4561288940578808,medium,1,0.35846813994349314,low,1,0.09766075411438768,0.09766075411438768,1
254,Sundays for future - Gl”dis,MIOG1,Bunköpfl,0.10600954454144376,low,1,0.05523628876847222,low,1,0.050773255772971544,0.050773255772971544,1
255,Tabernakel - Laserz Nordwand,55,Lienz,0.4096888266477115,medium,1,0.31251825364267544,low,1,0.09717057300503606,0.09717057300503606,1
256,Taschach-Eiswand,184,Pitztaler Gletscher,0.49865525795935306,medium,1,0.2679891764782421,low,1,0.23066608148111095,0.23066608148111095,1
257,Terra Promessa - Laserz Nordwand,55,Lienz,0.4096888266477115,medium,1,0.31251825364267544,low,1,0.09717057300503606,0.09717057300503606,1
258,Teufelskralle,KAUN1,Roter Schrofen,0.5251698873607257,medium,1,0.04719850587546741,low,1,0.47797138148525825,0.47797138148525825,1
259,The Big Corner - Sulzkogel Westschulter,KZWO1,Zwölferkogel,0.17060990274089705,low,1,0.04743239823117686,low,1,0.12317750450972018,0.12317750450972018,1
260,The Great Roof,SLBU2,Burgbach Mauchele,0.6784054937348589,medium,1,0.2016707430695865,low,1,0.47673475066527243,0.47673475066527243,1
261,The Icefactor - Westlicher Geierkopf Nordwand,76,Reutte,0.1280326771901798,low,1,0.3245727358529332,low,1,-0.19654005866275343,0,1
262,The Wind Corner,KAUN1,Roter Schrofen,0.5210105987941135,medium,1,0.04719850587546741,low,1,0.47381209291864607,0.47381209291864607,1
263,Thriller - Hohe Warte,TTUX2,Tuxerjoch Schneestation,0.5400640898882202,medium,1,0.21051347272786552,low,1,0.32955061716035466,0.32955061716035466,1
264,Tr„nen der Sehnsucht,SLRI2,Rifflsee Talstation Grubenkopf,0.4713033012532917,medium,1,0.35846813994349314,low,1,0.11283516130979854,0.11283516130979854,1
265,Tristenkopf - Nordrinne,AKLE1,Saupanzen,0.00134334182739257,low,1,0.03867856230128521,low,1,-0.03733522047389264,0,1
266,"Urfall direct ""Eierpecker""",NSCH1,Schöckbichl,0.7159657040395635,high,1,0.3127507419251048,low,1,0.4032149621144587,0.4032149621144587,1
267,Urfall,NSCH1,Schöckbichl,0.7423094899414627,high,1,0.3127507419251048,low,1,0.4295587480163579,0.4295587480163579,1
268,Via Margit,61,Mayrhofen,0.5616978434600806,medium,1,0.6774484147775672,medium,1,-0.11575057131748667,0,1
269,Victimes des ‚tique(ttes) - Lsens,NFRA2,Franz-Senn-Hütte Kl Horntal,0.5974573482771203,medium,1,0.34694184451142984,low,1,0.25051550376569043,0.25051550376569043,1
270,Vordere Reiselehn Eisfall,SLRI2,Rifflsee Talstation Grubenkopf,0.47493746832590333,medium,1,0.35846813994349314,low,1,0.1164693283824102,0.1164693283824102,1
271,Vorderer Brunnenkogel Nordwand,LBRE2,Breiter Grieskogel Schneestation,0.6690097429523274,medium,1,0.3429250748900159,low,1,0.3260846680623115,0.3260846680623115,1
272,Vorderer Brunnenkogel Nordwestpfeiler,NFRA1,Franz-Senn-Hütte Horntaler Spitzl,0.30484623248184095,low,1,0.10701781501507136,low,1,0.1978284174667696,0.1978284174667696,1
273,Vorhang Pinnistal,GGAL2,Gallreideschrofen,0.6044434623085116,medium,1,0.23872441742752715,low,1,0.3657190448809845,0.3657190448809845,1
274,Walk the Line - Zw”lferkogel Nordwestwand,KZWO1,Zwölferkogel,0.1581926154311939,low,1,0.04743239823117686,low,1,0.11076021720001702,0.11076021720001702,1
275,Warnschuss,TODO,Krinnenalpe Schneestation,0.3792495764770856,low,1,0.18696750406926493,low,1,0.1922820724078207,0.1922820724078207,1
276,Wasserfall - Nasse Wand,ABRA2,Alpbach Wiedersberger Horn,0.4468495999149805,medium,1,0.0508373643849221,low,1,0.39601223553005843,0.39601223553005843,1
277,Wechnerwand Nordwand - Plan W,KZWO1,Zwölferkogel,0.1860949327267419,low,1,0.04743239823117686,low,1,0.13866253449556504,0.13866253449556504,1
278,Weiábachgraben Eisf„lle,129,Lofer Ort,0.34311734167552593,low,1,0.4321625513843843,medium,0.95,-0.08904520970885837,0,0.95
282,Westl. Marzell Spitze Nordwestwand,SKRE1,Sölden Kreuzspitze,0.15616369563487856,low,1,0,low,1,0.15616369563487856,0.15616369563487856,1
283,Westwandrinne,TTUX1,Tuxerjoch Windstation,0.00566535525225433,low,1,0.18848899915425477,low,1,-0.18282364390200043,0,1
284,White gold - Gl”dis,MIOG1,Bunköpfl,0.10600954454144376,low,1,0.05523628876847222,low,1,0.050773255772971544,0.050773255772971544,1
287,Wildspitze Nordwestgrat,184,Pitztaler Gletscher,0.07557878717824072,low,1,0.2679891764782421,low,1,-0.19241038930000137,0,1
288,Wildspitze Sdcouloir,SVVO2,Vorderegg,0.22132950962249137,low,1,0.47151975335319096,medium,1,-0.2501902437306996,0,1
289,Wind of Change - Zw”lferkogel Nordwand,KZWO1,Zwölferkogel,0.10273885770120736,low,1,0.04743239823117686,low,1,0.055306459470030496,0.055306459470030496,1
290,Winter-Variante am Fuástein,TTUX1,Tuxerjoch Windstation,0.3302229669302743,low,1,0.18848899915425477,low,1,0.14173396777601954,0.14173396777601954,1
291,Wde Henn,214,Söll,0.1139504596899758,low,1,0.2187015886850836,low,1,-0.1047511289951078,0,1
292,Wunschkonzert - Rosshag Eisfall,TWAN2,Wandspitze Schneestation,0.663519218791879,medium,1,0.15158042695296642,low,1,0.5119387918389127,0.5119387918389127,1
293,Xice - Niederer Prijakt Westwand,MIOG1,Bunköpfl,0.06663952987361321,low,1,0.05523628876847222,low,1,0.011403241105140995,0.011403241105140995,1
294,Zedlacher Eisfall - Tauerntal,MIOG2,Goldried Kessel,0.4792276848153378,medium,1,0.21161592379382912,low,1,0.26761176102150863,0.26761176102150863,1
295,Zemmschlucht Eisfall,61,Mayrhofen,0.5744583043765876,medium,1,0.6774484147775672,medium,1,-0.1029901104009796,0,1
296,Zemmschlucht Eisschild,61,Mayrhofen,0.5922816277180598,medium,1,0.6774484147775672,medium,1,-0.08516678705950742,0,1
298,Zwingenfall,NFRA2,Franz-Senn-Hütte Kl Horntal,0.6787651295866509,medium,1,0.34694184451142984,low,1,0.3318232850752211,0.3318232850752211,1
299,Nordwandprinzessin - Zw”lferkogel Nordwand,KZWO1,Zwölferkogel,0.07954595742262592,low,1,0.04743239823117686,low,1,0.03211355919144906,0.03211355919144906,1
319,Anderl-Lindner-Gedenkweg - Aggenstein Ostgipfel Nordwand,TODO2,Krinnenspitze,0,low,1,0.04624929271103193,low,1,-0.04624929271103193,0,1
335,Backline - Hochgall Nordwand,IMOS1,Mosesgipfel Windstation,0.0713219315368641,low,1,0.5499878759230914,medium,1,-0.4786659443862273,0,1
336,Bärenköpfe Ostrinne,MIOH2,Hochgasser Schneestation,0.14440046055170408,low,1,0.10160949244334312,low,1,0.04279096810836096,0.04279096810836096,1
343,Berglerrinne - Großglockner,KADL1,Kals Adlersruhe (Erzherzog-Johann-Hütte),0.47566804151201447,medium,1,0.2113530121375287,low,1,0.2643150293744858,0.2643150293744858,1
348,Bonanza - Thiersee,142,Kufstein,0.4160395848921945,medium,1,0.36638281671301304,low,1,0.049656768179181465,0.049656768179181465,1
387,Der gespaltene König - Pflerscher Tribulaun Südwand,GGAL1,Kalkwand,0.17524628424665706,low,1,0.09723340069906704,low,1,0.07801288354759002,0.07801288354759002,1
388,Der gespaltene König - Pflerscher Tribulaun Südwand,GGAL2,Gallreideschrofen,0.1779545126568816,low,1,0.23872441742752715,low,1,-0.06076990477064553,0,1
391,Der weiße Pinguin - Außergschlöß,MIOH2,Hochgasser Schneestation,0.7707313024569801,high,1,0.10160949244334312,low,1,0.6691218100136369,0.6691218100136369,1
396,Die Abenteuer des Augie March,82,Rudolfshütte,0.48108832079631614,medium,1,0.23908508217746904,low,0.95,0.2420032386188471,0.2420032386188471,0.95
400,Direkt Nord - Mittlerer Maurerkeeskopf,PESE1,Kreuzspitze,0.15772656442711566,low,1,0.08306448885866462,low,1,0.07466207556845104,0.07466207556845104,1
401,Direkte Nordwand - Zugspitze,20,Ehrwald,0.30021702056529703,low,1,0.31355755184975403,low,1,-0.013340531284457002,0,1
409,Ein Bolt kommt selten allein - Burgschrofen Kraspestal,KZWO1,Zwölferkogel,0.581210528590439,medium,1,0.04743239823117686,low,1,0.5337781303592621,0.5337781303592621,1
467,Glockner NW - Aschenbrenner,KADL1,Kals Adlersruhe (Erzherzog-Johann-Hütte),0.4735083909370622,medium,1,0.2113530121375287,low,1,0.26215537879953354,0.26215537879953354,1
496,Himmel und Hölle Zugspitze Nordwand,20,Ehrwald,0.35147413371783004,low,1,0.31355755184975403,low,1,0.037916581868076005,0.037916581868076005,1
534,Karwendeleisfall - Karwendelbahn Mittenwald,SROS1,Rosshütte Windstation,0.02966663683177229,low,1,0.12672568421867214,low,1,-0.09705904738689985,0,1
544,Klammerkopf Nordrinne,43,Kals,0.34210521090236573,low,1,0.5325415387081653,medium,1,-0.1904363278057996,0,1
604,Mayerlrampe - Großglockner,KADL1,Kals Adlersruhe (Erzherzog-Johann-Hütte),0.3568134275000276,low,1,0.2113530121375287,low,1,0.1454604153624989,0.1454604153624989,1
607,Michltal - Geünter - Eisfall,PESE1,Kreuzspitze,0.6893387027346329,medium,1,0.08306448885866462,low,1,0.6062742138759684,0.6062742138759684,1
616,Morbus Brexit - Aggenstein Nordostwand,TODO,Krinnenalpe Schneestation,0.02070288971673347,low,1,0.18696750406926493,low,1,-0.16626461435253145,0,1
636,Pallavicinirinne - Großglockner,KADL1,Kals Adlersruhe (Erzherzog-Johann-Hütte),0.5175714210698916,medium,1,0.2113530121375287,low,1,0.30621840893236296,0.30621840893236296,1
652,Punkheitserreger - Aggenstein,TODO,Krinnenalpe Schneestation,0.0440132234306014,low,1,0.18696750406926493,low,1,-0.14295428063866353,0,1
679,Säkularis - Großglockner Nordwand,KADL1,Kals Adlersruhe (Erzherzog-Johann-Hütte),0.43512817680375593,medium,1,0.2113530121375287,low,1,0.22377516466622724,0.22377516466622724,1
700,Schneiderrinne Light - Großglockner,KADL1,Kals Adlersruhe (Erzherzog-Johann-Hütte),0.4674044458777997,medium,1,0.2113530121375287,low,1,0.25605143374027106,0.25605143374027106,1
707,Seebachfall - Tauerntal,MIOH2,Hochgasser Schneestation,0.8825947394377154,high,1,0.10160949244334312,low,1,0.7809852469943722,0.7809852469943722,1
746,Stierkopf - Eibergfall,214,Söll,0.4769014772280581,medium,1,0.2187015886850836,low,1,0.2581998885429745,0.2581998885429745,1
748,Südwandwächter - Großglockner,KADL1,Kals Adlersruhe (Erzherzog-Johann-Hütte),0.15,low,1,0.2113530121375287,low,1,-0.061353012137528695,0,1
750,Superdirekte Nordwand - Zugspitze,20,Ehrwald,0.4282149558594523,medium,1,0.31355755184975403,low,1,0.11465740400969826,0.11465740400969826,1
763,Theo-Riml-Gedenkweg - Großglockner,KADL1,Kals Adlersruhe (Erzherzog-Johann-Hütte),0.5289500718495177,medium,1,0.2113530121375287,low,1,0.31759705971198904,0.31759705971198904,1
789,Venediger NO-Flanke,PESE1,Kreuzspitze,0.2102141658092372,low,1,0.08306448885866462,low,1,0.1271496769505726,0.1271496769505726,1
812,White Magic (Direct),61,Mayrhofen,0.6236711757483544,medium,1,0.6774484147775672,medium,1,-0.05377723902921283,0,1
829,"Zugspitze Nordwand, ""Gazert/Völcker"", ""1.Mai""",20,Ehrwald,0.2508407707892925,low,1,0.31355755184975403,low,1,-0.06271678106046152,0,1
